{
  "category_accuracy": [
    0.13329383730888367,
    0.44075828790664673,
    0.6528435945510864,
    0.7511848211288452,
    0.8287914395332336,
    0.8643364906311035,
    0.8945497870445251,
    0.9265402555465698,
    0.9449052214622498,
    0.9567535519599915,
    0.9567535519599915
  ],
  "category_loss": [
    2.978739023208618,
    2.06575345993042,
    1.3403868675231934,
    0.89277184009552,
    0.6210264563560486,
    0.472223162651062,
    0.3555205464363098,
    0.2615237832069397,
    0.19667108356952667,
    0.17004446685314178,
    0.15964540839195251
  ],
  "experience_level_accuracy": [
    0.7357819676399231,
    0.8204976320266724,
    0.8110189437866211,
    0.821090042591095,
    0.8359004855155945,
    0.8518957495689392,
    0.8661137223243713,
    0.8696682453155518,
    0.8838862776756287,
    0.8844786882400513,
    0.896327018737793
  ],
  "experience_level_loss": [
    0.8821587562561035,
    0.6801415085792542,
    0.628553569316864,
    0.5427850484848022,
    0.4845634996891022,
    0.4214750826358795,
    0.3661800026893616,
    0.35095909237861633,
    0.31037819385528564,
    0.29985344409942627,
    0.2702237069606781
  ],
  "job_domain_accuracy": [
    0.1623222678899765,
    0.4840047359466553,
    0.650473952293396,
    0.7665876746177673,
    0.8234597444534302,
    0.8755924105644226,
    0.8951421976089478,
    0.9277251362800598,
    0.9360189437866211,
    0.9472748637199402,
    0.9496445655822754
  ],
  "job_domain_loss": [
    2.9061708450317383,
    1.940575122833252,
    1.2885234355926514,
    0.866178572177887,
    0.630683183670044,
    0.4602139890193939,
    0.3542598485946655,
    0.2714666426181793,
    0.22629821300506592,
    0.18721918761730194,
    0.1685876101255417
  ],
  "loss": [
    6.771229267120361,
    4.689087390899658,
    3.2623207569122314,
    2.3033854961395264,
    1.7315897941589355,
    1.355054497718811,
    1.0658283233642578,
    0.886456310749054,
    0.7342055439949036,
    0.6582939624786377,
    0.5930176377296448
  ],
  "val_category_accuracy": [
    0.2281879186630249,
    0.5704697966575623,
    0.6308724880218506,
    0.6208053827285767,
    0.6442952752113342,
    0.6308724880218506,
    0.6241610646247864,
    0.6241610646247864,
    0.6342281699180603,
    0.6375839114189148,
    0.6342281699180603
  ],
  "val_category_loss": [
    3.112866163253784,
    2.863835096359253,
    2.5531809329986572,
    2.1423473358154297,
    1.7751843929290771,
    1.5300354957580566,
    1.4575351476669312,
    1.4725127220153809,
    1.6588767766952515,
    1.7476104497909546,
    1.9728739261627197
  ],
  "val_experience_level_accuracy": [
    0.8154362440109253,
    0.8154362440109253,
    0.8154362440109253,
    0.8154362440109253,
    0.8154362440109253,
    0.8120805621147156,
    0.8120805621147156,
    0.8053691387176514,
    0.7751677632331848,
    0.7885906100273132,
    0.7751677632331848
  ],
  "val_experience_level_loss": [
    1.029907464981079,
    1.0344669818878174,
    1.0008184909820557,
    0.9245103597640991,
    0.8326363563537598,
    0.7536334991455078,
    0.7098159790039062,
    0.7524579763412476,
    0.8241106271743774,
    0.9089680910110474,
    1.0439332723617554
  ],
  "val_job_domain_accuracy": [
    0.3557046949863434,
    0.5570470094680786,
    0.6174496412277222,
    0.6375839114189148,
    0.6610738039016724,
    0.6308724880218506,
    0.6342281699180603,
    0.6208053827285767,
    0.6409395933151245,
    0.6510066986083984,
    0.6275168061256409
  ],
  "val_job_domain_loss": [
    3.1068663597106934,
    2.859802484512329,
    2.5267345905303955,
    2.1100575923919678,
    1.734239935874939,
    1.502318024635315,
    1.4319368600845337,
    1.4901776313781738,
    1.6470884084701538,
    1.7125955820083618,
    1.9012119770050049
  ],
  "val_loss": [
    7.242339134216309,
    6.759133815765381,
    6.088802337646484,
    5.181729316711426,
    4.354422569274902,
    3.7772061824798584,
    3.5794146060943604,
    3.7140815258026123,
    4.099251747131348,
    4.353757858276367,
    4.901966571807861
  ]
}